P Waves (Seconds),Q Waves (Seconds),R Waves (Seconds),S Waves (Seconds),T Waves (Seconds)
0.15,0.3233333333333333,0.6183333333333333,0.6533333333333333,0.8016666666666666
2.32,1.2183333333333333,1.27,1.305,1.47
3.0383333333333336,1.9183333333333332,1.9533333333333334,1.9883333333333333,2.1533333333333333
3.7216666666666667,2.6033333333333335,2.638333333333333,2.6733333333333333,2.8383333333333334
4.406666666666666,3.256666666666667,3.3216666666666668,3.3583333333333334,3.5233333333333334
5.125,3.9566666666666666,4.006666666666667,4.041666666666667,4.223333333333334
5.843333333333334,4.69,4.725,4.76,4.941666666666666
7.361666666666666,5.391666666666667,5.441666666666666,5.4783333333333335,5.6433333333333335
8.046666666666667,6.093333333333334,6.128333333333333,6.163333333333333,6.343333333333334
8.698333333333334,6.776666666666666,6.826666666666667,6.846666666666667,7.028333333333333
9.331666666666667,7.445,7.495,7.531666666666666,7.68
,8.13,8.18,8.2,8.38
,8.765,8.831666666666667,8.865,8.998333333333333
,9.533333333333333,9.465,9.485,9.648333333333333
,,,,
,,,,
,,,,
,,,,
Total Found,Total Found,Total Found,Total Found,Total Found
11,14,14,14,14
,,,,
,,,,
,,,,
,,,,
,,,,
,,,,
,,,,
,,,,
,,,,
,,,,
,,,,
,,,,
,,,,
,,,,
,,,,
,,,,
,,,,
,,,,
,,,,
